{
  "0": {
    "ciao mamma": {
      "x": 0.1209896035067829,
      "y": -0.02486720559829536,
      "z": 0.2542409727333721
    },
    "salve gente!": {
      "x": -0.0939127172894949,
      "y": 0.14064598515265198,
      "z": 0.5054309274442379
    }
  }
}