{
  "uno": {
    "colore": "#eef105",
    "point": {
      "x": 0.1275284563386272,
      "y": 0.026386854963468376,
      "z": 0.3415350271507842
    }
  },
  "due": {
    "colore": "#34d003",
    "point": {
      "x": -0.03792024991219456,
      "y": -0.1831295300993495,
      "z": 0.3277839561300805
    }
  },
  "tre": {
    "colore": "#09b1e8",
    "point": {
      "x": 0.17044749112865376,
      "y": -0.11488083061254406,
      "z": 0.07205816061540515
    }
  },
  "quattro": {
    "colore": "#2707e4",
    "point": {
      "x": -0.12292641824460215,
      "y": 0.0019958039925910276,
      "z": 0.38727842470257723
    }
  }
}