{
  "prova dimensione": {
    "colore": "#2e03f3",
    "point": {
      "x": 14.662082435022626,
      "y": 5.7209774663496304,
      "z": -0.6057981170652846
    }
  }
}