{
  "0": {
    "left_ear": {
      "x": 0.08995117293704902,
      "y": 0.023683509756859955,
      "z": 0.7322897352841999
    },
    "left_shoulder": {
      "x": -0.061294667377345124,
      "y": 0.17408610209458125,
      "z": 0.5914920982021894
    },
    "right_ear": {
      "x": 0.034113050263685496,
      "y": -0.12691989179363616,
      "z": 0.699208336417386
    },
    "right_shoulder": {
      "x": -0.01262674241186934,
      "y": -0.22264588484170422,
      "z": 0.5217313109747906
    },
    "left_elbow": {
      "x": -0.04033847898356646,
      "y": 0.1675397182040983,
      "z": 0.220284648991671
    },
    "right_elbow": {
      "x": -0.03464333248608065,
      "y": -0.24661795260593156,
      "z": 0.23040879225096467
    },
    "left_wrist": {
      "x": 0.1832662779997631,
      "y": 0.1302606473084038,
      "z": 0.3096280254263941
    },
    "right_wrist": {
      "x": 0.17004303646270336,
      "y": -0.047017788640779656,
      "z": 0.2853866741542529
    },
    "left_hip": {
      "x": -0.018479778178825512,
      "y": 0.16376440501941858,
      "z": 0.04908324373987116
    },
    "right_hip": {
      "x": -0.03142158108728155,
      "y": -0.15838846418628905,
      "z": -0.0030819202770825394
    }
  }
}